2490196,2026-07-24,1,Radomiak Radom,2,Wieczysta Kraków,1,https://r2.thesportsdb.com/images/media/event/thumb/smjnno1781690982.jpg
2490194,2026-07-24,1,Pogoń Szczecin,0,Legia Warsaw,1,https://r2.thesportsdb.com/images/media/event/thumb/qtmso01655758691.jpg
2490189,2026-07-25,1,Jagiellonia Białystok,1,Korona Kielce,0,https://r2.thesportsdb.com/images/media/event/thumb/asd2sk1655758616.jpg
2490191,2026-07-25,1,Górnik Zabrze,2,Śląsk Wrocław,1,https://r2.thesportsdb.com/images/media/event/thumb/o84svb1655758681.jpg
2490193,2026-07-25,1,Lech Poznań,0,Cracovia,0,https://r2.thesportsdb.com/images/media/event/thumb/5okrqq1781690981.jpg
2490195,2026-07-26,1,Raków Częstochowa,1,Wisła Płock,2,https://r2.thesportsdb.com/images/media/event/thumb/jy6gub1655758635.jpg
2490197,2026-07-26,1,Widzew Łódź,2,Motor Lublin,2,https://r2.thesportsdb.com/images/media/event/thumb/uqny1c1781690982.jpg
2490190,2026-07-26,1,Wisła Kraków,2,GKS Katowice,1,https://r2.thesportsdb.com/images/media/event/thumb/scu5is1781690980.jpg
2490192,2026-07-27,1,Zagłębie Lubin,2,Piast Gliwice,0,https://r2.thesportsdb.com/images/media/event/thumb/kl2faf1655758648.jpg
2490200,2026-07-31,2,Wisła Płock,0,Widzew Łódź,0,https://r2.thesportsdb.com/images/media/event/thumb/s9g2yd1781690983.jpg
2490205,2026-07-31,2,Motor Lublin,1,Jagiellonia Białystok,2,https://r2.thesportsdb.com/images/media/event/thumb/9x3jpl1781690986.jpg
2490202,2026-08-01,2,Piast Gliwice,4,Wisła Kraków,3,https://r2.thesportsdb.com/images/media/event/thumb/0oldrb1628432766.jpg
2490206,2026-08-01,2,Wieczysta Kraków,1,Lech Poznań,2,https://r2.thesportsdb.com/images/media/event/thumb/wc17xq1781690986.jpg
2490199,2026-08-02,2,Legia Warsaw,3,Zagłębie Lubin,1,https://r2.thesportsdb.com/images/media/event/thumb/mtra6m1655758587.jpg
2490198,2026-08-02,2,Śląsk Wrocław,2,Raków Częstochowa,1,https://r2.thesportsdb.com/images/media/event/thumb/rbdk1w1655758607.jpg
2490204,2026-08-02,2,GKS Katowice,3,Radomiak Radom,1,https://r2.thesportsdb.com/images/media/event/thumb/o0fl9r1781690985.jpg
2490203,2026-08-03,2,Cracovia,0,Pogoń Szczecin,2,https://r2.thesportsdb.com/images/media/event/thumb/rwq9tx1781690984.jpg
2490209,2026-08-07,3,Wisła Kraków,2,Wisła Płock,1,https://r2.thesportsdb.com/images/media/event/thumb/3kytvh1628432878.jpg
2490215,2026-08-08,3,Radomiak Radom,1,Górnik Zabrze,3,https://r2.thesportsdb.com/images/media/event/thumb/fnq1rd1655758592.jpg
2490212,2026-08-08,3,Pogoń Szczecin,3,Motor Lublin,1,https://r2.thesportsdb.com/images/media/event/thumb/oyifpv1781690988.jpg
2490210,2026-08-08,3,Korona Kielce,1,Legia Warsaw,1,https://r2.thesportsdb.com/images/media/event/thumb/bxgoeh1655758583.jpg
2490208,2026-08-09,3,Śląsk Wrocław,0,Cracovia,0,https://r2.thesportsdb.com/images/media/event/thumb/g55hqn1781690987.jpg
2490211,2026-08-09,3,Lech Poznań,3,Piast Gliwice,0,https://r2.thesportsdb.com/images/media/event/thumb/0sx7p61655758604.jpg
2490207,2026-08-09,3,Jagiellonia Białystok,0,Widzew Łódź,2,https://r2.thesportsdb.com/images/media/event/thumb/8vqv5m1687156259.jpg
2490217,2026-08-14,4,Legia Warsaw,5,Radomiak Radom,0,https://r2.thesportsdb.com/images/media/event/thumb/sayscp1655758609.jpg
2490220,2026-08-15,4,Zagłębie Lubin,2,Śląsk Wrocław,1,https://r2.thesportsdb.com/images/media/event/thumb/vph0zh1655758582.jpg
2490221,2026-08-15,4,Piast Gliwice,3,Wieczysta Kraków,4,https://r2.thesportsdb.com/images/media/event/thumb/2r5k121781690990.jpg
2490223,2026-08-15,4,Widzew Łódź,1,Korona Kielce,2,https://r2.thesportsdb.com/images/media/event/thumb/7gzdya1781690991.jpg
2490224,2026-08-16,4,Motor Lublin,1,GKS Katowice,0,https://r2.thesportsdb.com/images/media/event/thumb/b6z5s01781690992.jpg
2490222,2026-08-16,4,Cracovia,2,Raków Częstochowa,1,https://r2.thesportsdb.com/images/media/event/thumb/j0u8291781690990.jpg
2490218,2026-08-16,4,Górnik Zabrze,2,Wisła Kraków,1,https://r2.thesportsdb.com/images/media/event/thumb/3lyomu1628432770.jpg
2490230,2026-08-21,5,Cracovia,3,Wieczysta Kraków,2,https://r2.thesportsdb.com/images/media/event/thumb/lxcigy1781690995.jpg
2490226,2026-08-22,5,Korona Kielce,1,Motor Lublin,1,https://r2.thesportsdb.com/images/media/event/thumb/qtq5f01781690994.jpg
2490229,2026-08-22,5,Piast Gliwice,1,Legia Warsaw,1,https://r2.thesportsdb.com/images/media/event/thumb/p2njjq1655758651.jpg
2490225,2026-08-22,5,Śląsk Wrocław,3,Widzew Łódź,3,https://r2.thesportsdb.com/images/media/event/thumb/th5sjm1781690993.jpg
2490233,2026-08-23,5,Radomiak Radom,0,Zagłębie Lubin,0,https://r2.thesportsdb.com/images/media/event/thumb/maw3ha1655758660.jpg
2490231,2026-08-23,5,GKS Katowice,5,Wisła Płock,0,https://r2.thesportsdb.com/images/media/event/thumb/q6d3471781690996.jpg
2490228,2026-08-23,5,Pogoń Szczecin,2,Wisła Kraków,2,https://r2.thesportsdb.com/images/media/event/thumb/k7skm81628432856.jpg
2490237,2026-08-28,6,Wisła Płock,0,Korona Kielce,2,https://r2.thesportsdb.com/images/media/event/thumb/c1uxlf1655758603.jpg
2490235,2026-08-28,6,Legia Warsaw,1,Śląsk Wrocław,1,https://r2.thesportsdb.com/images/media/event/thumb/h87acq1655758699.jpg
2490240,2026-08-29,6,Radomiak Radom,2,Cracovia,1,https://r2.thesportsdb.com/images/media/event/thumb/0eupsx1781690998.jpg
2490242,2026-08-29,6,Motor Lublin,0,Piast Gliwice,2,https://r2.thesportsdb.com/images/media/event/thumb/ys8few1781691000.jpg
2490234,2026-08-29,6,Wisła Kraków,2,Wieczysta Kraków,0,https://r2.thesportsdb.com/images/media/event/thumb/g0t1ha1781690997.jpg
2490238,2026-08-29,6,Zagłębie Lubin,0,Pogoń Szczecin,0,https://r2.thesportsdb.com/images/media/event/thumb/324zj81655758661.jpg
2490239,2026-08-30,6,Raków Częstochowa,2,Jagiellonia Białystok,5,https://r2.thesportsdb.com/images/media/event/thumb/803f3l1655758600.jpg
2490236,2026-08-30,6,Górnik Zabrze,2,GKS Katowice,3,https://r2.thesportsdb.com/images/media/event/thumb/qhxldq1781690997.jpg
2490241,2026-08-30,6,Widzew Łódź,2,Lech Poznań,3,https://r2.thesportsdb.com/images/media/event/thumb/hr3p4u1781690999.jpg
2490232,2026-09-03,5,Raków Częstochowa,1,Górnik Zabrze,2,https://r2.thesportsdb.com/images/media/event/thumb/frzrkc1655758653.jpg
2490227,2026-09-03,5,Lech Poznań,2,Jagiellonia Białystok,1,https://r2.thesportsdb.com/images/media/event/thumb/m82ucv1655758699.jpg
2490247,2026-09-04,7,Piast Gliwice,3,GKS Katowice,0,https://r2.thesportsdb.com/images/media/event/thumb/2re5uh1781691002.jpg
2490249,2026-09-05,7,Widzew Łódź,0,Radomiak Radom,0,https://r2.thesportsdb.com/images/media/event/thumb/17kv5m1781691004.jpg
2490244,2026-09-05,7,Korona Kielce,1,Wisła Kraków,1,https://r2.thesportsdb.com/images/media/event/thumb/dm6stj1781691001.jpg
2490250,2026-09-05,7,Motor Lublin,2,Legia Warsaw,3,https://r2.thesportsdb.com/images/media/event/thumb/gbo0wr1781691005.jpg
2490248,2026-09-06,7,Cracovia,0,Górnik Zabrze,1,https://r2.thesportsdb.com/images/media/event/thumb/350mdo1781691003.jpg
2490245,2026-09-06,7,Lech Poznań,1,Raków Częstochowa,0,https://r2.thesportsdb.com/images/media/event/thumb/jpypon1655758631.jpg
2490243,2026-09-06,7,Jagiellonia Białystok,2,Śląsk Wrocław,1,https://r2.thesportsdb.com/images/media/event/thumb/yn87jv1655758689.jpg
2490251,2026-09-07,7,Wieczysta Kraków,1,Zagłębie Lubin,1,https://r2.thesportsdb.com/images/media/event/thumb/eazett1781691007.jpg
2490246,2026-09-07,7,Pogoń Szczecin,1,Wisła Płock,1,https://r2.thesportsdb.com/images/media/event/thumb/32rg4w1655758599.jpg
2490259,2026-09-11,8,Raków Częstochowa,2,Motor Lublin,1,https://r2.thesportsdb.com/images/media/event/thumb/8ex6vq1781691012.jpg
2490253,2026-09-11,8,Wisła Kraków,2,Jagiellonia Białystok,0,https://r2.thesportsdb.com/images/media/event/thumb/gubnh21628432889.jpg
2490252,2026-09-12,8,Śląsk Wrocław,1,Korona Kielce,2,https://r2.thesportsdb.com/images/media/event/thumb/ow2vgo1655758651.jpg
2490255,2026-09-12,8,Górnik Zabrze,2,Lech Poznań,1,https://r2.thesportsdb.com/images/media/event/thumb/jvp5n31655758624.jpg
2490257,2026-09-12,8,Zagłębie Lubin,2,GKS Katowice,1,https://r2.thesportsdb.com/images/media/event/thumb/shluvt1781691010.jpg
2490256,2026-09-13,8,Wisła Płock,3,Cracovia,1,https://r2.thesportsdb.com/images/media/event/thumb/15tcfw1781691008.jpg
2490258,2026-09-13,8,Pogoń Szczecin,2,Wieczysta Kraków,0,https://r2.thesportsdb.com/images/media/event/thumb/lra0111781691011.jpg
2490254,2026-09-13,8,Legia Warsaw,1,Widzew Łódź,1,https://r2.thesportsdb.com/images/media/event/thumb/bym8fj1687156264.jpg
2490260,2026-09-14,8,Radomiak Radom,0,Piast Gliwice,2,https://r2.thesportsdb.com/images/media/event/thumb/alfl4r1655758692.jpg
2490214,2026-09-15,3,Raków Częstochowa,2,Zagłębie Lubin,3,https://r2.thesportsdb.com/images/media/event/thumb/tb1o7m1655758701.jpg
2490201,2026-09-15,2,Korona Kielce,0,Górnik Zabrze,2,https://r2.thesportsdb.com/images/media/event/thumb/ibd29a1655758614.jpg
2490268,2026-09-18,9,Widzew Łódź,2,Wieczysta Kraków,2,https://r2.thesportsdb.com/images/media/event/thumb/79noie1781691013.jpg
2490262,2026-09-18,9,Wisła Kraków,2,Śląsk Wrocław,1,https://r2.thesportsdb.com/images/media/event/thumb/i6bvbc1628432778.jpg
2490264,2026-09-19,9,Korona Kielce,3,Raków Częstochowa,2,https://r2.thesportsdb.com/images/media/event/thumb/5pnjef1655758689.jpg
2490267,2026-09-19,9,GKS Katowice,3,Cracovia,2,https://r2.thesportsdb.com/images/media/event/thumb/g6d8tj1781691013.jpg
2490269,2026-09-19,9,Motor Lublin,0,Górnik Zabrze,0,https://r2.thesportsdb.com/images/media/event/thumb/6hz1y81781691014.jpg
2490266,2026-09-20,9,Piast Gliwice,1,Pogoń Szczecin,2,https://r2.thesportsdb.com/images/media/event/thumb/3eaknx1655758686.jpg
2490263,2026-09-20,9,Zagłębie Lubin,0,Wisła Płock,2,https://r2.thesportsdb.com/images/media/event/thumb/9g7bs11655758614.jpg
2490261,2026-09-20,9,Jagiellonia Białystok,1,Legia Warsaw,3,https://r2.thesportsdb.com/images/media/event/thumb/wqqax51655758630.jpg
2490265,2026-09-20,9,Lech Poznań,5,Radomiak Radom,1,https://r2.thesportsdb.com/images/media/event/thumb/maofnn1655758620.jpg
2490278,2026-10-09,10,Wieczysta Kraków,3,Wisła Płock,0,https://r2.thesportsdb.com/images/media/event/thumb/r6omlt1781691019.jpg
2490276,2026-10-09,10,Raków Częstochowa,1,GKS Katowice,4,https://r2.thesportsdb.com/images/media/event/thumb/i0gjmn1781691017.jpg
2490275,2026-10-10,10,Cracovia,,Zagłębie Lubin,,https://r2.thesportsdb.com/images/media/event/thumb/e9qayp1781691016.jpg
2490271,2026-10-10,10,Śląsk Wrocław,,Lech Poznań,,https://r2.thesportsdb.com/images/media/event/thumb/1wr2dt1655758657.jpg
2490270,2026-10-10,10,Jagiellonia Białystok,,Górnik Zabrze,,https://r2.thesportsdb.com/images/media/event/thumb/78irjo1655758661.jpg
2490274,2026-10-11,10,Piast Gliwice,,Widzew Łódź,,https://r2.thesportsdb.com/images/media/event/thumb/5z3gqe1781691015.jpg
2490273,2026-10-11,10,Pogoń Szczecin,,Korona Kielce,,https://r2.thesportsdb.com/images/media/event/thumb/ermqqg1655758665.jpg
2490272,2026-10-11,10,Legia Warsaw,,Wisła Kraków,,https://r2.thesportsdb.com/images/media/event/thumb/9mka2w1628432839.jpg
2490277,2026-10-12,10,Radomiak Radom,,Motor Lublin,,https://r2.thesportsdb.com/images/media/event/thumb/t6cyyc1781691018.jpg
2490213,2026-10-12,3,GKS Katowice,,Wieczysta Kraków,,https://r2.thesportsdb.com/images/media/event/thumb/hx1zlb1781690989.jpg
2490287,2026-10-16,11,Wieczysta Kraków,,Raków Częstochowa,,https://r2.thesportsdb.com/images/media/event/thumb/4enfhy1781691023.jpg
2490285,2026-10-16,11,Widzew Łódź,,Wisła Kraków,,https://r2.thesportsdb.com/images/media/event/thumb/n4dhc11781691022.jpg
2490286,2026-10-17,11,Motor Lublin,,Śląsk Wrocław,,https://r2.thesportsdb.com/images/media/event/thumb/rrsbx21781691023.jpg
2490284,2026-10-17,11,GKS Katowice,,Pogoń Szczecin,,https://r2.thesportsdb.com/images/media/event/thumb/rfyhes1781691021.jpg
2490283,2026-10-17,11,Cracovia,,Legia Warsaw,,https://r2.thesportsdb.com/images/media/event/thumb/f3xyjt1781691020.jpg
2490279,2026-10-18,11,Górnik Zabrze,,Piast Gliwice,,https://r2.thesportsdb.com/images/media/event/thumb/4k7hv51655758611.jpg
2490281,2026-10-18,11,Zagłębie Lubin,,Jagiellonia Białystok,,https://r2.thesportsdb.com/images/media/event/thumb/jgg2x51655758608.jpg
2490282,2026-10-18,11,Lech Poznań,,Korona Kielce,,https://r2.thesportsdb.com/images/media/event/thumb/jokmlt1655758634.jpg
2490280,2026-10-19,11,Wisła Płock,,Radomiak Radom,,https://r2.thesportsdb.com/images/media/event/thumb/mp2hnr1655758671.jpg
2490296,2026-10-23,12,Motor Lublin,,Zagłębie Lubin,,https://r2.thesportsdb.com/images/media/event/thumb/712wmx1781691028.jpg
2490295,2026-10-23,12,Widzew Łódź,,Górnik Zabrze,,https://r2.thesportsdb.com/images/media/event/thumb/skgh1x1781691027.jpg
2490294,2026-10-24,12,Piast Gliwice,,Cracovia,,https://r2.thesportsdb.com/images/media/event/thumb/2pk9ul1781691026.jpg
2490292,2026-10-24,12,Korona Kielce,,GKS Katowice,,https://r2.thesportsdb.com/images/media/event/thumb/uws28h1781691025.jpg
2490293,2026-10-24,12,Pogoń Szczecin,,Radomiak Radom,,https://r2.thesportsdb.com/images/media/event/thumb/inpwzh1655758700.jpg
2490290,2026-10-24,12,Wisła Kraków,,Raków Częstochowa,,https://r2.thesportsdb.com/images/media/event/thumb/hyjbt71628432729.jpg
2490289,2026-10-25,12,Śląsk Wrocław,,Wieczysta Kraków,,https://r2.thesportsdb.com/images/media/event/thumb/ndlufc1781691024.jpg
2490288,2026-10-25,12,Jagiellonia Białystok,,Wisła Płock,,https://r2.thesportsdb.com/images/media/event/thumb/0t84211655758619.jpg
2490291,2026-10-25,12,Legia Warsaw,,Lech Poznań,,https://r2.thesportsdb.com/images/media/event/thumb/izn8rm1655758677.jpg
2490297,2026-10-31,13,Górnik Zabrze,,Legia Warsaw,,https://r2.thesportsdb.com/images/media/event/thumb/99vu1z1655758659.jpg
2490298,2026-10-31,13,Wisła Płock,,Piast Gliwice,,https://r2.thesportsdb.com/images/media/event/thumb/urqgcq1655758618.jpg
2490299,2026-10-31,13,Zagłębie Lubin,,Korona Kielce,,https://r2.thesportsdb.com/images/media/event/thumb/1kjuv21655758620.jpg
2490300,2026-10-31,13,Lech Poznań,,Wisła Kraków,,https://r2.thesportsdb.com/images/media/event/thumb/1v9ntc1628432753.jpg
2490301,2026-10-31,13,Cracovia,,Motor Lublin,,https://r2.thesportsdb.com/images/media/event/thumb/zxxmmt1781691029.jpg
2490302,2026-10-31,13,GKS Katowice,,Widzew Łódź,,https://r2.thesportsdb.com/images/media/event/thumb/6469mk1781691029.jpg
2490303,2026-10-31,13,Raków Częstochowa,,Pogoń Szczecin,,https://r2.thesportsdb.com/images/media/event/thumb/iag6yo1655758602.jpg
2490304,2026-10-31,13,Radomiak Radom,,Śląsk Wrocław,,https://r2.thesportsdb.com/images/media/event/thumb/kpe3wo1655758625.jpg
2490305,2026-10-31,13,Wieczysta Kraków,,Jagiellonia Białystok,,https://r2.thesportsdb.com/images/media/event/thumb/n0mrz81781691030.jpg
2490306,2026-11-07,14,Jagiellonia Białystok,,GKS Katowice,,https://r2.thesportsdb.com/images/media/event/thumb/tnjiqw1781691031.jpg
2490307,2026-11-07,14,Śląsk Wrocław,,Piast Gliwice,,https://r2.thesportsdb.com/images/media/event/thumb/wif3ps1655758675.jpg
2490308,2026-11-07,14,Wisła Kraków,,Cracovia,,https://r2.thesportsdb.com/images/media/event/thumb/7rxbhj1781691032.jpg
2490309,2026-11-07,14,Legia Warsaw,,Raków Częstochowa,,https://r2.thesportsdb.com/images/media/event/thumb/56clel1655758670.jpg
2490310,2026-11-07,14,Górnik Zabrze,,Wieczysta Kraków,,https://r2.thesportsdb.com/images/media/event/thumb/s89pb81781691033.jpg
2490311,2026-11-07,14,Korona Kielce,,Radomiak Radom,,https://r2.thesportsdb.com/images/media/event/thumb/9ap7sg1687156298.jpg
2490312,2026-11-07,14,Lech Poznań,,Zagłębie Lubin,,https://r2.thesportsdb.com/images/media/event/thumb/qo6ben1655758652.jpg
2490313,2026-11-07,14,Widzew Łódź,,Pogoń Szczecin,,https://r2.thesportsdb.com/images/media/event/thumb/93jstx1781691034.jpg
2490314,2026-11-07,14,Motor Lublin,,Wisła Płock,,https://r2.thesportsdb.com/images/media/event/thumb/dfws301781691035.jpg
2490315,2026-11-21,15,Wisła Płock,,Legia Warsaw,,https://r2.thesportsdb.com/images/media/event/thumb/p9afkw1655758626.jpg
2490316,2026-11-21,15,Zagłębie Lubin,,Górnik Zabrze,,https://r2.thesportsdb.com/images/media/event/thumb/v7aqyj1655758676.jpg
2490317,2026-11-21,15,Pogoń Szczecin,,Śląsk Wrocław,,https://r2.thesportsdb.com/images/media/event/thumb/2xqjmc1655758645.jpg
2490318,2026-11-21,15,Piast Gliwice,,Korona Kielce,,https://r2.thesportsdb.com/images/media/event/thumb/tnqy3b1655758692.jpg
2490319,2026-11-21,15,Cracovia,,Jagiellonia Białystok,,https://r2.thesportsdb.com/images/media/event/thumb/8fwupb1781691035.jpg
2490320,2026-11-21,15,GKS Katowice,,Lech Poznań,,https://r2.thesportsdb.com/images/media/event/thumb/dvmxej1781691036.jpg
2490321,2026-11-21,15,Raków Częstochowa,,Widzew Łódź,,https://r2.thesportsdb.com/images/media/event/thumb/47luth1781691037.jpg
2490322,2026-11-21,15,Radomiak Radom,,Wisła Kraków,,https://r2.thesportsdb.com/images/media/event/thumb/t3iwt81628432894.jpg
2490323,2026-11-21,15,Wieczysta Kraków,,Motor Lublin,,https://r2.thesportsdb.com/images/media/event/thumb/kwu6iq1781691038.jpg
2490324,2026-11-28,16,Jagiellonia Białystok,,Radomiak Radom,,https://r2.thesportsdb.com/images/media/event/thumb/uxbacx1655758594.jpg
2490325,2026-11-28,16,Śląsk Wrocław,,GKS Katowice,,https://r2.thesportsdb.com/images/media/event/thumb/6lnu7g1781691039.jpg
2490326,2026-11-28,16,Wisła Kraków,,Motor Lublin,,https://r2.thesportsdb.com/images/media/event/thumb/bu9mp91781691040.jpg
2490327,2026-11-28,16,Legia Warsaw,,Wieczysta Kraków,,https://r2.thesportsdb.com/images/media/event/thumb/c3n4rp1781691041.jpg
2490328,2026-11-28,16,Górnik Zabrze,,Wisła Płock,,https://r2.thesportsdb.com/images/media/event/thumb/v0juoz1655758665.jpg
2490329,2026-11-28,16,Korona Kielce,,Cracovia,,https://r2.thesportsdb.com/images/media/event/thumb/0d3nu41781691042.jpg
2490330,2026-11-28,16,Lech Poznań,,Pogoń Szczecin,,https://r2.thesportsdb.com/images/media/event/thumb/hlc4mw1655758670.jpg
2490331,2026-11-28,16,Raków Częstochowa,,Piast Gliwice,,https://r2.thesportsdb.com/images/media/event/thumb/bzwue31655758646.jpg
2490332,2026-11-28,16,Widzew Łódź,,Zagłębie Lubin,,https://r2.thesportsdb.com/images/media/event/thumb/x4pth41781691042.jpg
2490333,2026-12-05,17,Wisła Płock,,Śląsk Wrocław,,https://r2.thesportsdb.com/images/media/event/thumb/as9y1f1655758633.jpg
2490334,2026-12-05,17,Zagłębie Lubin,,Wisła Kraków,,https://r2.thesportsdb.com/images/media/event/thumb/0o3ufb1628432811.jpg
2490335,2026-12-05,17,Pogoń Szczecin,,Górnik Zabrze,,https://r2.thesportsdb.com/images/media/event/thumb/7bvoma1655758635.jpg
2490336,2026-12-05,17,Piast Gliwice,,Jagiellonia Białystok,,https://r2.thesportsdb.com/images/media/event/thumb/ik3h6v1655758641.jpg
2490337,2026-12-05,17,Cracovia,,Widzew Łódź,,https://r2.thesportsdb.com/images/media/event/thumb/4weuo01781691043.jpg
2490338,2026-12-05,17,GKS Katowice,,Legia Warsaw,,https://r2.thesportsdb.com/images/media/event/thumb/qu8fkx1781691044.jpg
2490339,2026-12-05,17,Radomiak Radom,,Raków Częstochowa,,https://r2.thesportsdb.com/images/media/event/thumb/lkxvzc1655758674.jpg
2490340,2026-12-05,17,Motor Lublin,,Lech Poznań,,https://r2.thesportsdb.com/images/media/event/thumb/s1pbhz1781691045.jpg
2490341,2026-12-05,17,Wieczysta Kraków,,Korona Kielce,,https://r2.thesportsdb.com/images/media/event/thumb/j5lrux1781691046.jpg
2490342,2026-12-12,18,Śląsk Wrocław,,Górnik Zabrze,,https://r2.thesportsdb.com/images/media/event/thumb/3zmewg1655758622.jpg
2490343,2026-12-12,18,Legia Warsaw,,Pogoń Szczecin,,https://r2.thesportsdb.com/images/media/event/thumb/g130mj1655758627.jpg
2490344,2026-12-12,18,Wisła Płock,,Raków Częstochowa,,https://r2.thesportsdb.com/images/media/event/thumb/oawn8n1655758697.jpg
2490345,2026-12-12,18,Korona Kielce,,Jagiellonia Białystok,,https://r2.thesportsdb.com/images/media/event/thumb/zpi50n1655758677.jpg
2490346,2026-12-12,18,Piast Gliwice,,Zagłębie Lubin,,https://r2.thesportsdb.com/images/media/event/thumb/dl2mvo1655758590.jpg
2490347,2026-12-12,18,Cracovia,,Lech Poznań,,https://r2.thesportsdb.com/images/media/event/thumb/bemg551781691047.jpg
2490348,2026-12-12,18,GKS Katowice,,Wisła Kraków,,https://r2.thesportsdb.com/images/media/event/thumb/97kpgz1781691047.jpg
2490349,2026-12-12,18,Motor Lublin,,Widzew Łódź,,https://r2.thesportsdb.com/images/media/event/thumb/g1z4j81781691048.jpg
2490350,2026-12-12,18,Wieczysta Kraków,,Radomiak Radom,,https://r2.thesportsdb.com/images/media/event/thumb/5s8oru1781691049.jpg
2490216,2026-12-16,4,Jagiellonia Białystok,,Pogoń Szczecin,,https://r2.thesportsdb.com/images/media/event/thumb/8u5exs1655758647.jpg
2490219,2026-12-17,4,Wisła Płock,,Lech Poznań,,https://r2.thesportsdb.com/images/media/event/thumb/vdro2h1655758650.jpg
2490351,2027-01-30,19,Jagiellonia Białystok,,Motor Lublin,,https://r2.thesportsdb.com/images/media/event/thumb/g1tk7m1781691050.jpg
2490352,2027-01-30,19,Wisła Kraków,,Piast Gliwice,,https://r2.thesportsdb.com/images/media/event/thumb/gm2zvd1628432862.jpg
2490353,2027-01-30,19,Górnik Zabrze,,Korona Kielce,,https://r2.thesportsdb.com/images/media/event/thumb/2wcj471655758673.jpg
2490354,2027-01-30,19,Zagłębie Lubin,,Legia Warsaw,,https://r2.thesportsdb.com/images/media/event/thumb/dxl8361655758644.jpg
2490355,2027-01-30,19,Lech Poznań,,Wieczysta Kraków,,https://r2.thesportsdb.com/images/media/event/thumb/lbg5221781691051.jpg
2490356,2027-01-30,19,Pogoń Szczecin,,Cracovia,,https://r2.thesportsdb.com/images/media/event/thumb/jzynch1781691052.jpg
2490357,2027-01-30,19,Raków Częstochowa,,Śląsk Wrocław,,https://r2.thesportsdb.com/images/media/event/thumb/249zt61655758663.jpg
2490358,2027-01-30,19,Radomiak Radom,,GKS Katowice,,https://r2.thesportsdb.com/images/media/event/thumb/7999e31781691053.jpg
2490359,2027-01-30,19,Widzew Łódź,,Wisła Płock,,https://r2.thesportsdb.com/images/media/event/thumb/il3ejz1781691053.jpg
2490360,2027-02-06,20,Legia Warsaw,,Korona Kielce,,https://r2.thesportsdb.com/images/media/event/thumb/5w4hil1655758641.jpg
2490361,2027-02-06,20,Górnik Zabrze,,Radomiak Radom,,https://r2.thesportsdb.com/images/media/event/thumb/rwtacl1655758649.jpg
2490362,2027-02-06,20,Wisła Płock,,Wisła Kraków,,https://r2.thesportsdb.com/images/media/event/thumb/r8jce71628432784.jpg
2490363,2027-02-06,20,Zagłębie Lubin,,Raków Częstochowa,,https://r2.thesportsdb.com/images/media/event/thumb/yqnyv31655758637.jpg
2490364,2027-02-06,20,Piast Gliwice,,Lech Poznań,,https://r2.thesportsdb.com/images/media/event/thumb/ipgv7x1655758661.jpg
2490365,2027-02-06,20,Cracovia,,Śląsk Wrocław,,https://r2.thesportsdb.com/images/media/event/thumb/ouixcl1781691054.jpg
2490366,2027-02-06,20,Widzew Łódź,,Jagiellonia Białystok,,https://r2.thesportsdb.com/images/media/event/thumb/tc4a5r1781691055.jpg
2490367,2027-02-06,20,Motor Lublin,,Pogoń Szczecin,,https://r2.thesportsdb.com/images/media/event/thumb/kufk9p1781691056.jpg
2490368,2027-02-06,20,Wieczysta Kraków,,GKS Katowice,,https://r2.thesportsdb.com/images/media/event/thumb/cf32i31781691057.jpg
2490369,2027-02-13,21,Śląsk Wrocław,,Zagłębie Lubin,,https://r2.thesportsdb.com/images/media/event/thumb/4qklbs1655758643.jpg
2490370,2027-02-13,21,Wisła Kraków,,Górnik Zabrze,,https://r2.thesportsdb.com/images/media/event/thumb/uv54tj1628432868.jpg
2490371,2027-02-13,21,Korona Kielce,,Widzew Łódź,,https://r2.thesportsdb.com/images/media/event/thumb/oxn1di1687156267.jpg
2490372,2027-02-13,21,Lech Poznań,,Wisła Płock,,https://r2.thesportsdb.com/images/media/event/thumb/a61qop1655758591.jpg
2490373,2027-02-13,21,Pogoń Szczecin,,Jagiellonia Białystok,,https://r2.thesportsdb.com/images/media/event/thumb/h8jqop1655758592.jpg
2490374,2027-02-13,21,GKS Katowice,,Motor Lublin,,https://r2.thesportsdb.com/images/media/event/thumb/l9jvup1781691058.jpg
2490375,2027-02-13,21,Raków Częstochowa,,Cracovia,,https://r2.thesportsdb.com/images/media/event/thumb/45kswh1781691059.jpg
2490376,2027-02-13,21,Radomiak Radom,,Legia Warsaw,,https://r2.thesportsdb.com/images/media/event/thumb/qzj2co1655758666.jpg
2490377,2027-02-13,21,Wieczysta Kraków,,Piast Gliwice,,https://r2.thesportsdb.com/images/media/event/thumb/sci9l31781691060.jpg
2490378,2027-02-20,22,Jagiellonia Białystok,,Lech Poznań,,https://r2.thesportsdb.com/images/media/event/thumb/wqp69v1655758636.jpg
2490379,2027-02-20,22,Wisła Kraków,,Pogoń Szczecin,,https://r2.thesportsdb.com/images/media/event/thumb/a2ppfu1628432761.jpg
2490380,2027-02-20,22,Legia Warsaw,,Piast Gliwice,,https://r2.thesportsdb.com/images/media/event/thumb/88m2wk1655758595.jpg
2490381,2027-02-20,22,Górnik Zabrze,,Raków Częstochowa,,https://r2.thesportsdb.com/images/media/event/thumb/kvnslk1655758595.jpg
2490382,2027-02-20,22,Wisła Płock,,GKS Katowice,,https://r2.thesportsdb.com/images/media/event/thumb/xjxw1a1781691060.jpg
2490383,2027-02-20,22,Zagłębie Lubin,,Radomiak Radom,,https://r2.thesportsdb.com/images/media/event/thumb/uu6q5n1655758601.jpg
2490384,2027-02-20,22,Widzew Łódź,,Śląsk Wrocław,,https://r2.thesportsdb.com/images/media/event/thumb/dshren1781691061.jpg
2490385,2027-02-20,22,Motor Lublin,,Korona Kielce,,https://r2.thesportsdb.com/images/media/event/thumb/zijcey1781691062.jpg
2490386,2027-02-20,22,Wieczysta Kraków,,Cracovia,,https://r2.thesportsdb.com/images/media/event/thumb/9v2b8d1781691063.jpg
2490387,2027-02-27,23,Jagiellonia Białystok,,Raków Częstochowa,,https://r2.thesportsdb.com/images/media/event/thumb/ldnv8s1655758654.jpg
2490388,2027-02-27,23,Śląsk Wrocław,,Legia Warsaw,,https://r2.thesportsdb.com/images/media/event/thumb/5k6ujl1655758640.jpg
2490389,2027-02-27,23,Korona Kielce,,Wisła Płock,,https://r2.thesportsdb.com/images/media/event/thumb/hse3yr1655758658.jpg
2490390,2027-02-27,23,Lech Poznań,,Widzew Łódź,,https://r2.thesportsdb.com/images/media/event/thumb/jogyds1687156279.jpg
2490391,2027-02-27,23,Pogoń Szczecin,,Zagłębie Lubin,,https://r2.thesportsdb.com/images/media/event/thumb/4pocq31655758605.jpg
2490392,2027-02-27,23,Piast Gliwice,,Motor Lublin,,https://r2.thesportsdb.com/images/media/event/thumb/u5xk9l1781691064.jpg
2490393,2027-02-27,23,Cracovia,,Radomiak Radom,,https://r2.thesportsdb.com/images/media/event/thumb/0exbm51781691065.jpg
2490394,2027-02-27,23,GKS Katowice,,Górnik Zabrze,,https://r2.thesportsdb.com/images/media/event/thumb/n2t60y1781691066.jpg
2490395,2027-02-27,23,Wieczysta Kraków,,Wisła Kraków,,https://r2.thesportsdb.com/images/media/event/thumb/fyct2y1781691067.jpg
2490396,2027-03-06,24,Śląsk Wrocław,,Jagiellonia Białystok,,https://r2.thesportsdb.com/images/media/event/thumb/hufj6w1655758629.jpg
2490397,2027-03-06,24,Wisła Kraków,,Korona Kielce,,https://r2.thesportsdb.com/images/media/event/thumb/haxoxg1781691067.jpg
2490398,2027-03-06,24,Legia Warsaw,,Motor Lublin,,https://r2.thesportsdb.com/images/media/event/thumb/4bavpk1781691069.jpg
2490399,2027-03-06,24,Górnik Zabrze,,Cracovia,,https://r2.thesportsdb.com/images/media/event/thumb/nsfmhg1781691070.jpg
2490400,2027-03-06,24,Wisła Płock,,Pogoń Szczecin,,https://r2.thesportsdb.com/images/media/event/thumb/vn2wvz1655758657.jpg
2490401,2027-03-06,24,Zagłębie Lubin,,Wieczysta Kraków,,https://r2.thesportsdb.com/images/media/event/thumb/4pzbta1781691071.jpg
2490402,2027-03-06,24,GKS Katowice,,Piast Gliwice,,https://r2.thesportsdb.com/images/media/event/thumb/jqj1951781691072.jpg
2490403,2027-03-06,24,Raków Częstochowa,,Lech Poznań,,https://r2.thesportsdb.com/images/media/event/thumb/hg69km1655758693.jpg
2490404,2027-03-06,24,Radomiak Radom,,Widzew Łódź,,https://r2.thesportsdb.com/images/media/event/thumb/ej04xa1781691073.jpg
2490405,2027-03-13,25,Jagiellonia Białystok,,Wisła Kraków,,https://r2.thesportsdb.com/images/media/event/thumb/tt0fi61628432796.jpg
2490406,2027-03-13,25,Korona Kielce,,Śląsk Wrocław,,https://r2.thesportsdb.com/images/media/event/thumb/cvz5e41655758590.jpg
2490407,2027-03-13,25,Lech Poznań,,Górnik Zabrze,,https://r2.thesportsdb.com/images/media/event/thumb/1i54281655758687.jpg
2490408,2027-03-13,25,Piast Gliwice,,Radomiak Radom,,https://r2.thesportsdb.com/images/media/event/thumb/127djk1655758626.jpg
2490409,2027-03-13,25,Cracovia,,Wisła Płock,,https://r2.thesportsdb.com/images/media/event/thumb/bnzdw51781691074.jpg
2490410,2027-03-13,25,GKS Katowice,,Zagłębie Lubin,,https://r2.thesportsdb.com/images/media/event/thumb/jzeupn1781691074.jpg
2490411,2027-03-13,25,Widzew Łódź,,Legia Warsaw,,https://r2.thesportsdb.com/images/media/event/thumb/i3i6uk1781691075.jpg
2490412,2027-03-13,25,Motor Lublin,,Raków Częstochowa,,https://r2.thesportsdb.com/images/media/event/thumb/w0pzho1781691076.jpg
2490413,2027-03-13,25,Wieczysta Kraków,,Pogoń Szczecin,,https://r2.thesportsdb.com/images/media/event/thumb/933h0m1781691077.jpg
2490414,2027-03-20,26,Śląsk Wrocław,,Wisła Kraków,,https://r2.thesportsdb.com/images/media/event/thumb/splape1628432874.jpg
2490415,2027-03-20,26,Legia Warsaw,,Jagiellonia Białystok,,https://r2.thesportsdb.com/images/media/event/thumb/fb92p71655758693.jpg
2490416,2027-03-20,26,Górnik Zabrze,,Motor Lublin,,https://r2.thesportsdb.com/images/media/event/thumb/crzlgc1781691078.jpg
2490417,2027-03-20,26,Wisła Płock,,Zagłębie Lubin,,https://r2.thesportsdb.com/images/media/event/thumb/357jli1655758674.jpg
2490418,2027-03-20,26,Pogoń Szczecin,,Piast Gliwice,,https://r2.thesportsdb.com/images/media/event/thumb/2r0kaf1655758624.jpg
2490419,2027-03-20,26,Cracovia,,GKS Katowice,,https://r2.thesportsdb.com/images/media/event/thumb/329aws1781691079.jpg
2490420,2027-03-20,26,Raków Częstochowa,,Korona Kielce,,https://r2.thesportsdb.com/images/media/event/thumb/3br6hw1655758628.jpg
2490421,2027-03-20,26,Radomiak Radom,,Lech Poznań,,https://r2.thesportsdb.com/images/media/event/thumb/bpthso1655758683.jpg
2490422,2027-03-20,26,Wieczysta Kraków,,Widzew Łódź,,https://r2.thesportsdb.com/images/media/event/thumb/p10ufp1781691079.jpg
2490423,2027-04-03,27,Wisła Kraków,,Legia Warsaw,,https://r2.thesportsdb.com/images/media/event/thumb/9xlj2z1628432745.jpg
2490424,2027-04-03,27,Górnik Zabrze,,Jagiellonia Białystok,,https://r2.thesportsdb.com/images/media/event/thumb/anw7pd1655758605.jpg
2490425,2027-04-03,27,Wisła Płock,,Wieczysta Kraków,,https://r2.thesportsdb.com/images/media/event/thumb/411bqf1781691080.jpg
2490426,2027-04-03,27,Zagłębie Lubin,,Cracovia,,https://r2.thesportsdb.com/images/media/event/thumb/mhue0k1781691081.jpg
2490427,2027-04-03,27,Korona Kielce,,Pogoń Szczecin,,https://r2.thesportsdb.com/images/media/event/thumb/xcek701655758608.jpg
2490428,2027-04-03,27,Lech Poznań,,Śląsk Wrocław,,https://r2.thesportsdb.com/images/media/event/thumb/6385au1655758598.jpg
2490429,2027-04-03,27,GKS Katowice,,Raków Częstochowa,,https://r2.thesportsdb.com/images/media/event/thumb/fux1rf1781691082.jpg
2490430,2027-04-03,27,Widzew Łódź,,Piast Gliwice,,https://r2.thesportsdb.com/images/media/event/thumb/vknknk1781691083.jpg
2490431,2027-04-03,27,Motor Lublin,,Radomiak Radom,,https://r2.thesportsdb.com/images/media/event/thumb/1an2s71781691084.jpg
2490432,2027-04-10,28,Jagiellonia Białystok,,Zagłębie Lubin,,https://r2.thesportsdb.com/images/media/event/thumb/d06lr51655758664.jpg
2490433,2027-04-10,28,Śląsk Wrocław,,Motor Lublin,,https://r2.thesportsdb.com/images/media/event/thumb/4fdrc71781691085.jpg
2490434,2027-04-10,28,Wisła Kraków,,Widzew Łódź,,https://r2.thesportsdb.com/images/media/event/thumb/rakp601781691086.jpg
2490435,2027-04-10,28,Legia Warsaw,,Cracovia,,https://r2.thesportsdb.com/images/media/event/thumb/5tw5gu1781691087.jpg
2490436,2027-04-10,28,Korona Kielce,,Lech Poznań,,https://r2.thesportsdb.com/images/media/event/thumb/ol0a1g1655758695.jpg
2490437,2027-04-10,28,Pogoń Szczecin,,GKS Katowice,,https://r2.thesportsdb.com/images/media/event/thumb/yfxa5c1781691087.jpg
2490438,2027-04-10,28,Piast Gliwice,,Górnik Zabrze,,https://r2.thesportsdb.com/images/media/event/thumb/qmoiu81655758668.jpg
2490439,2027-04-10,28,Raków Częstochowa,,Wieczysta Kraków,,https://r2.thesportsdb.com/images/media/event/thumb/w7s9911781691088.jpg
2490440,2027-04-10,28,Radomiak Radom,,Wisła Płock,,https://r2.thesportsdb.com/images/media/event/thumb/erxtg41655758612.jpg
2490441,2027-04-17,29,Górnik Zabrze,,Widzew Łódź,,https://r2.thesportsdb.com/images/media/event/thumb/v4f4o71687156261.jpg
2490442,2027-04-17,29,Wisła Płock,,Jagiellonia Białystok,,https://r2.thesportsdb.com/images/media/event/thumb/88sbjl1655758685.jpg
2490443,2027-04-17,29,Zagłębie Lubin,,Motor Lublin,,https://r2.thesportsdb.com/images/media/event/thumb/9dpkew1781691089.jpg
2490444,2027-04-17,29,Lech Poznań,,Legia Warsaw,,https://r2.thesportsdb.com/images/media/event/thumb/ot6mo41655758616.jpg
2490445,2027-04-17,29,Cracovia,,Piast Gliwice,,https://r2.thesportsdb.com/images/media/event/thumb/mbxqiw1781691090.jpg
2490446,2027-04-17,29,GKS Katowice,,Korona Kielce,,https://r2.thesportsdb.com/images/media/event/thumb/b6a1x21781691091.jpg
2490447,2027-04-17,29,Raków Częstochowa,,Wisła Kraków,,https://r2.thesportsdb.com/images/media/event/thumb/2g61hk1628432825.jpg
2490448,2027-04-17,29,Radomiak Radom,,Pogoń Szczecin,,https://r2.thesportsdb.com/images/media/event/thumb/2ie4p81655758639.jpg
2490449,2027-04-17,29,Wieczysta Kraków,,Śląsk Wrocław,,https://r2.thesportsdb.com/images/media/event/thumb/pyivn91781691092.jpg
2490450,2027-04-23,30,Jagiellonia Białystok,,Wieczysta Kraków,,https://r2.thesportsdb.com/images/media/event/thumb/wl9zuu1781691093.jpg
2490451,2027-04-23,30,Śląsk Wrocław,,Radomiak Radom,,https://r2.thesportsdb.com/images/media/event/thumb/uw6sxx1655758689.jpg
2490452,2027-04-23,30,Wisła Kraków,,Lech Poznań,,https://r2.thesportsdb.com/images/media/event/thumb/wdbqbc1628432852.jpg
2490453,2027-04-23,30,Legia Warsaw,,Górnik Zabrze,,https://r2.thesportsdb.com/images/media/event/thumb/1j5gpq1655758602.jpg
2490454,2027-04-23,30,Korona Kielce,,Zagłębie Lubin,,https://r2.thesportsdb.com/images/media/event/thumb/l884up1655758680.jpg
2490455,2027-04-23,30,Pogoń Szczecin,,Raków Częstochowa,,https://r2.thesportsdb.com/images/media/event/thumb/hwylvf1655758659.jpg
2490456,2027-04-23,30,Piast Gliwice,,Wisła Płock,,https://r2.thesportsdb.com/images/media/event/thumb/res1p71655758676.jpg
2490457,2027-04-23,30,Widzew Łódź,,GKS Katowice,,https://r2.thesportsdb.com/images/media/event/thumb/7pl49p1781691094.jpg
2490458,2027-04-23,30,Motor Lublin,,Cracovia,,https://r2.thesportsdb.com/images/media/event/thumb/kwftsj1781691094.jpg
2490459,2027-05-01,31,Wisła Płock,,Motor Lublin,,https://r2.thesportsdb.com/images/media/event/thumb/afmyjb1781691095.jpg
2490460,2027-05-01,31,Zagłębie Lubin,,Lech Poznań,,https://r2.thesportsdb.com/images/media/event/thumb/adpvlu1655758594.jpg
2490461,2027-05-01,31,Pogoń Szczecin,,Widzew Łódź,,https://r2.thesportsdb.com/images/media/event/thumb/spq0j61781691096.jpg
2490462,2027-05-01,31,Piast Gliwice,,Śląsk Wrocław,,https://r2.thesportsdb.com/images/media/event/thumb/0mjo5q1655758613.jpg
2490463,2027-05-01,31,Cracovia,,Wisła Kraków,,https://r2.thesportsdb.com/images/media/event/thumb/tlchsd1781691097.jpg
2490464,2027-05-01,31,GKS Katowice,,Jagiellonia Białystok,,https://r2.thesportsdb.com/images/media/event/thumb/1li6b71781691098.jpg
2490465,2027-05-01,31,Raków Częstochowa,,Legia Warsaw,,https://r2.thesportsdb.com/images/media/event/thumb/jk4c1y1655758612.jpg
2490466,2027-05-01,31,Radomiak Radom,,Korona Kielce,,https://r2.thesportsdb.com/images/media/event/thumb/6gniwk1781691099.jpg
2490467,2027-05-01,31,Wieczysta Kraków,,Górnik Zabrze,,https://r2.thesportsdb.com/images/media/event/thumb/j0x63q1781691100.jpg
2490468,2027-05-08,32,Jagiellonia Białystok,,Cracovia,,https://r2.thesportsdb.com/images/media/event/thumb/4sggki1781691101.jpg
2490469,2027-05-08,32,Śląsk Wrocław,,Pogoń Szczecin,,https://r2.thesportsdb.com/images/media/event/thumb/tkxkwv1655758589.jpg
2490470,2027-05-08,32,Wisła Kraków,,Radomiak Radom,,https://r2.thesportsdb.com/images/media/event/thumb/kj4nqg1628432804.jpg
2490471,2027-05-08,32,Legia Warsaw,,Wisła Płock,,https://r2.thesportsdb.com/images/media/event/thumb/avqtes1655758688.jpg
2490472,2027-05-08,32,Górnik Zabrze,,Zagłębie Lubin,,https://r2.thesportsdb.com/images/media/event/thumb/5y1hx31655758617.jpg
2490473,2027-05-08,32,Korona Kielce,,Piast Gliwice,,https://r2.thesportsdb.com/images/media/event/thumb/4ug8jg1655758630.jpg
2490474,2027-05-08,32,Lech Poznań,,GKS Katowice,,https://r2.thesportsdb.com/images/media/event/thumb/3n1q711781691101.jpg
2490475,2027-05-08,32,Widzew Łódź,,Raków Częstochowa,,https://r2.thesportsdb.com/images/media/event/thumb/w14s1h1781691102.jpg
2490476,2027-05-08,32,Motor Lublin,,Wieczysta Kraków,,https://r2.thesportsdb.com/images/media/event/thumb/slkaxc1781691103.jpg
2490477,2027-05-15,33,Wisła Płock,,Górnik Zabrze,,https://r2.thesportsdb.com/images/media/event/thumb/0czz261655758610.jpg
2490478,2027-05-15,33,Zagłębie Lubin,,Widzew Łódź,,https://r2.thesportsdb.com/images/media/event/thumb/s7s5481781691104.jpg
2490479,2027-05-15,33,Pogoń Szczecin,,Lech Poznań,,https://r2.thesportsdb.com/images/media/event/thumb/b2gyv31655758611.jpg
2490480,2027-05-15,33,Piast Gliwice,,Raków Częstochowa,,https://r2.thesportsdb.com/images/media/event/thumb/zb1n4k1655758586.jpg
2490481,2027-05-15,33,Cracovia,,Korona Kielce,,https://r2.thesportsdb.com/images/media/event/thumb/r06wua1781691105.jpg
2490482,2027-05-15,33,GKS Katowice,,Śląsk Wrocław,,https://r2.thesportsdb.com/images/media/event/thumb/5er0ho1781691106.jpg
2490483,2027-05-15,33,Radomiak Radom,,Jagiellonia Białystok,,https://r2.thesportsdb.com/images/media/event/thumb/ohclcz1655758653.jpg
2490484,2027-05-15,33,Motor Lublin,,Wisła Kraków,,https://r2.thesportsdb.com/images/media/event/thumb/hste3r1781691107.jpg
2490485,2027-05-15,33,Wieczysta Kraków,,Legia Warsaw,,https://r2.thesportsdb.com/images/media/event/thumb/rjihsj1781691108.jpg
2490486,2027-05-22,34,Jagiellonia Białystok,,Piast Gliwice,,https://r2.thesportsdb.com/images/media/event/thumb/oyy3221655758582.jpg
2490487,2027-05-22,34,Śląsk Wrocław,,Wisła Płock,,https://r2.thesportsdb.com/images/media/event/thumb/r54yho1655758695.jpg
2490488,2027-05-22,34,Wisła Kraków,,Zagłębie Lubin,,https://r2.thesportsdb.com/images/media/event/thumb/piuw4t1628432717.jpg
2490489,2027-05-22,34,Legia Warsaw,,GKS Katowice,,https://r2.thesportsdb.com/images/media/event/thumb/geoqwn1781691109.jpg
2490490,2027-05-22,34,Górnik Zabrze,,Pogoń Szczecin,,https://r2.thesportsdb.com/images/media/event/thumb/g4xrg21655758696.jpg
2490491,2027-05-22,34,Korona Kielce,,Wieczysta Kraków,,https://r2.thesportsdb.com/images/media/event/thumb/zfqbtp1781691109.jpg
2490492,2027-05-22,34,Lech Poznań,,Motor Lublin,,https://r2.thesportsdb.com/images/media/event/thumb/lmggcb1781691110.jpg
2490493,2027-05-22,34,Raków Częstochowa,,Radomiak Radom,,https://r2.thesportsdb.com/images/media/event/thumb/sfqxak1655758615.jpg
2490494,2027-05-22,34,Widzew Łódź,,Cracovia,,https://r2.thesportsdb.com/images/media/event/thumb/ep05ev1781691111.jpg
